start,id,title,url,description
'2014-12-02T04:00:00',201,safety,https://www.facebook.com,safety
'2014-12-02T04:00:00',301,Mills,https://www.google.com/,Mills
'2014-12-02T13:00:00',401,Android,https://www.yahoo.com/,Android
'2014-12-02T07:00:00',501,Welding,http://www.msn.com/,Welding
'2014-12-03T05:00:00',601,safety,https://www.facebook.com,safety
'2014-12-03T05:00:00',701,Mills,https://www.google.com/,Mills
'2014-12-03T15:00:00',801,Android,https://www.yahoo.com/,Android
'2014-12-03T09:00:00',901,Welding,http://www.msn.com/,Welding
'2014-12-04T06:00:00',1001,safety,https://www.facebook.com,safety
'2014-12-04T06:00:00',1101,Mills,https://www.google.com/,Mills
'2014-12-04T06:00:00',1201,Android,https://www.yahoo.com/,Android
'2014-12-04T10:00:00',1301,Welding,http://www.msn.com/,Welding
